{
    "players": [
        "Ali",
        "random"
    ],
    "init_state_actions_list": [],
    "actions": [
        3,
        1,
        3,
        5,
        3,
        6,
        3
    ],
    "times": [
        2.3954780101776123,
        0.0,
        0.4714927673339844,
        0.0,
        0.4550619125366211,
        0.0,
        0.4660160541534424
    ],
    "winner": 1
},
{
    "players": [
        "Human",
        "Ai player"
    ],
    "init_state_actions_list": [],
    "actions": [
        3,
        6,
        4,
        5,
        2,
        6,
        1
    ],
    "times": [
        2.941277265548706,
        0.32120227813720703,
        4.659029722213745,
        0.2942628860473633,
        3.545783758163452,
        0.17423462867736816,
        3.7382564544677734
    ],
    "winner": 1
}