{
    "players": [
        "Ali",
        "random"
    ],
    "init_state_actions_list": [],
    "actions": [
        3,
        1,
        3,
        5,
        3,
        6,
        3
    ],
    "times": [
        2.3954780101776123,
        0.0,
        0.4714927673339844,
        0.0,
        0.4550619125366211,
        0.0,
        0.4660160541534424
    ],
    "winner": 1
}